StaTerr,year,chpov,caseworkers,supervisors,caseworker_capacity,supervisor_capacity,screened_in_reports
AK,2005,25976,179,52,6.89097628580228,2.001847859562673,5618
AK,2006,25804,198,55,7.673228956750891,2.131452487986359,5359
AK,2007,23356,219,58,9.376605583147798,2.4833019352628876,6197
AK,2008,21872,232,76,10.607168983174835,3.474762253108998,6077
AK,2009,22221,222,62,9.990549480221413,2.7901534584402143,6112
AK,2010,27209,211,65,7.754787019001065,2.3889154323936936,5836
AK,2011,27192,199,62,7.318328920270668,2.2800823771697556,5994
AK,2012,28125,233,60,8.2844444444444445,2.1333333333333333,6260
AK,2013,25030,244,62,9.748302037554934,2.477027566919696,7313
AK,2014,28273,242,67,8.559402963958547,2.3697520602695152,7855
AK,2015,26564,240,69,9.034783918084624,2.59750037644933,3597
AL,2005,260919,563,201,2.157757771568954,0.7703540179136054,18249
AL,2006,253314,601,194,2.3725494840395713,0.7658479199728401,18676
AL,2007,261151,542,200,2.0754276261626416,0.7658404524585394,19572
AL,2008,244661,550,199,2.2480084688609954,0.8133703369151601,19798
AL,2009,274243,614,209,2.2388903271915783,0.7620978475293809,19012
AL,2010,305292,589,211,1.9293004729897933,0.6911415955871756,19278
AL,2011,307310,558,204,1.81575607692558,0.6638248023168788,19220
AL,2012,306451,586,214,1.9122143507444909,0.6983171861080564,19484
AL,2013,300649,546,207,1.8160712325668802,0.6885105222368941,20213
AL,2014,298682,544,213,1.821335065387268,0.713133031116706,21019
AL,2015,288450,527,210,1.827006413589877,0.7280291211648466,11314
AR,2004,153124,377,122,2.4620568950654373,0.7967398970768789,21900
AR,2005,165059,415,137,2.5142524794164514,0.8300062401929007,24219
AR,2006,166630,448,140,2.6885914901278283,0.8401848406649463,25940
AR,2007,173939,449,133,2.5813647313138515,0.7646358780951943,27549
AR,2008,170833,399,134,2.335614313393782,0.7843917744229745,28485
AR,2009,185268,425,141,2.2939741347669322,0.7610596541226763,32317
AR,2010,190538,466,150,2.445706368283492,0.7872445391470467,33807
AR,2011,194242,435,128,2.239474469991042,0.6589717980663297,34230
AR,2012,196464,457,117,2.3261259060184054,0.5955289518690448,35814
AR,2013,197129,464,125,2.3537886358678834,0.6341025419902704,32612
AR,2014,183334,465,131,2.536354413256679,0.7145428562077956,33476
AR,2015,182238,436,139,2.392475773439129,0.7627388360276123,20776
AZ,2004,338384,670,224,1.9799990543288097,0.6619698330890349,36540
AZ,2005,323003,712,253,2.204313891821438,0.7832744587511571,35243
AZ,2006,316241,749,259,2.36844684908029,0.8189956394015956,31859
AZ,2007,327941,730,247,2.22601016646287,0.7531842618031902,33679
AZ,2008,347462,797,241,2.2937760100385076,0.6936010268748813,32818
AZ,2009,396006,747,215,1.8863350555294618,0.5429210668525225,30318
AZ,2010,401664,660,191,1.6431644359464626,0.47552182919056724,31094
AZ,2011,434571,797,235,1.8339926042004644,0.5407631894443026,35685
AZ,2012,430378,960,239,2.2305972888948786,0.5553257833811208,39625
AZ,2013,422435,1062,253,2.51399623610733,0.5989087078485448,40392
AZ,2014,406457,1190,274,2.9277389736183657,0.6741180493877581,41588
AZ,2015,394337,1186,288,3.0075798111767345,0.7303397855134061,17619
CA,2004,1809423,4740,NA,2.61961962459856,NA,232734
CA,2005,1761755,4699,1399,2.6672267142707127,0.7940945250616573,228496
CA,2006,1693631,3660,1157,2.161037439678419,0.683147627789052,229254
CA,2007,1598466,4804,1590,3.0053814094262874,0.9947036721456697,234456
CA,2008,1702065,4768,1612,2.8013031229712144,0.9470848645615767,245824
CA,2009,1846994,4412,1620,2.3887462547252456,0.8771008460233223,233475
CA,2010,2012723,4455,1646,2.2134193329136695,0.8177975806904377,236407
CA,2011,2085226,4587,1645,2.1997615606174103,0.7888833152857293,233419
CA,2012,2164589,4398,1651,2.031794488468712,0.762731400741665,236660
CA,2013,2119056,4374,1648,2.064126667723741,0.7777047893024064,231105
CA,2014,2040811,4315,1669,2.114355518467903,0.817812134489671,236138
CA,2015,1901985,4403,1642,2.314949907596537,0.8633085960194218,144863
CO,2004,151264,812,268,5.368098159509203,1.7717368309710175,27864
CO,2005,163374,856,264,5.239511795022464,1.615924198464872,28170
CO,2006,170379,952,272,5.587543065753408,1.5964408759295452,30992
CO,2007,179666,943,285,5.248628009751428,1.5862767579842598,32823
CO,2008,171707,993,306,5.783107269942402,1.7821055635472054,33770
CO,2009,201208,881,278,4.3785535366387025,1.3816548049779331,33702
CO,2010,207165,798,255,3.852002027369488,1.2309029034827312,33353
CO,2011,215325,812,325,3.7710437710437708,1.509346336932544,30588
CO,2012,220133,752,336,3.416116620406754,1.5263499793306774,30170
CO,2013,204866,764,351,3.729266935460252,1.7133150449562153,29650
CO,2014,191679,822,431,4.288419701688761,2.248550962807611,28685
CO,2015,183216,835,462,4.557462230372893,2.521613832853026,18768
CT,2004,95407,1262,433,13.227540956114332,4.538451057050321,22145
CT,2005,93716,1252,414,13.359511716249092,4.417602117034444,23908
CT,2006,88087,1278,390,14.508383756967543,4.427441052595729,28315
CT,2007,87584,1277,376,14.580288637194007,4.293021556448667,25694
CT,2008,94346,1290,354,13.673075700082673,3.752146354906408,24131
CT,2009,95570,1252,331,13.100345296641207,3.4634299466359737,25350
CT,2010,103003,1261,314,12.242361872955156,3.0484548993718628,27657
CT,2011,115699,1267,301,10.950829307081305,2.601578233174012,29365
CT,2012,114613,1355,358,11.822393620269953,3.1235549195989982,21096
CT,2013,112225,1070,271,9.534417464914235,2.414791713076409,19346
CT,2014,113733,1154,306,10.146571355719097,2.6905119886048903,19133
CT,2015,110143,1112,283,10.09596615309189,2.569387069536875,10909
DC,2004,32493,99,21,3.046810082171545,0.646293047733358,5068
DC,2005,32459,93,25,2.8651529621984655,0.770202409193136,4967
DC,2006,31856,83,20,2.605474635861376,0.6278252134605726,4590
DC,2007,29069,88,19,3.027279920189893,0.6536172554955451,4535
DC,2008,28416,134,39,4.715653153153154,1.3724662162162162,5905
DC,2013,32071,128,42,3.991144647812666,1.3095943375635308,5724
DC,2014,32807,125,36,3.8101624653275215,1.0973267900143262,5582
DC,2015,32947,130,34,3.9457310225513704,1.031960421282666,3755
DE,2004,26124,69,27,2.6412494258153423,1.033532384014699,5578
DE,2005,27692,74,24,2.672251913910155,0.8666762964032934,5777
DE,2006,29622,76,28,2.565660657619337,0.9452434001755452,5691
DE,2007,29005,79,26,2.7236683330460263,0.8963971729012239,6068
DE,2008,29148,78,22,2.6759983532317824,0.7547687662961438,6098
DE,2009,33851,84,26,2.481462881451065,0.7680718442586629,6100
DE,2010,36018,93,34,2.5820423121772444,0.9439724582153368,6812
DE,2011,37941,99,31,2.6093144619277298,0.8170580638359558,7764
DE,2012,38462,100,26,2.5999688003743953,0.6759918880973429,7314
DE,2013,38254,92,28,2.4049772572802843,0.7319496000418256,6938
DE,2014,38543,80,24,2.0756038710012197,0.6226811613003658,6964
DE,2015,38446,84,27,2.1848826926078133,0.7022837226239401,4268
FL,2004,699280,2098,261,3.0002288067726806,0.3732410479350189,138283
FL,2005,719164,2080,261,2.892247109143394,0.36292139206078167,153066
FL,2006,695303,2155,270,3.0993681891204266,0.3883199123259931,153644
FL,2007,685647,1821,258,2.655885608775361,0.37628692315433454,161884
FL,2008,726383,1866,256,2.568892719130266,0.35243115546481674,166915
FL,2009,857326,1709,389,1.9934074086170257,0.4537363849924066,150232
FL,2010,929620,1775,264,1.9093823282631612,0.28398700544308425,156709
FL,2011,985615,1904,263,1.9317887816236563,0.26683847141125083,169984
FL,2012,1011096,1879,266,1.8583794219342178,0.2630808548347536,163052
FL,2013,982272,1840,277,1.8732082356007298,0.2819992832942403,163421
FL,2014,962857,1945,361,2.0200299732982154,0.37492587165072283,162069
FL,2015,944415,2045,382,2.165361625980104,0.4044831985938385,101381
GA,2009,575429,1051,344,1.826463386447329,0.5978148477049297,26655
GA,2010,613581,1048,390,1.708005951944405,0.6356129019640439,23603
GA,2011,651999,952,353,1.4601249388419308,0.5414118733310941,31940
GA,2012,672149,1109,361,1.649931785958173,0.537083295519297,55577
GA,2013,655194,1149,363,1.7536790629950825,0.5540343776041905,55727
GA,2014,646960,1670,525,2.5813033263262026,0.811487572647459,76019
GA,2015,610161,1609,503,2.637008920596367,0.8243725836295667,54537
HI,2004,32217,142,NA,4.4076108886612655,NA,3338
HI,2005,36870,146,NA,3.9598589639273123,NA,2562
HI,2006,34462,138,NA,4.004410655214439,NA,2166
HI,2007,30618,134,NA,4.376510549350055,NA,2572
HI,2008,30728,137,NA,4.458474355636553,NA,2554
HI,2009,39214,147,NA,3.7486611924312743,NA,3231
HI,2010,43595,171,NA,3.9224681729556146,NA,2107
HI,2011,50172,101,NA,2.013075021924579,NA,2261
HI,2012,51557,107,NA,2.0753728882595963,NA,2298
HI,2013,43574,117,NA,2.685087437462707,NA,2118
HI,2014,45637,97,NA,2.125468369962969,NA,2138
HI,2015,44299,92,NA,2.0767963159439264,NA,1311
IA,2004,87899,209,41,2.377728984402553,0.4664444419162903,24062
IA,2005,91700,215,49,2.3446019629225736,0.5343511450381679,25355
IA,2006,96323,232,61,2.4085628562233317,0.6332859234035484,24003
IA,2007,95200,216,60,2.26890756302521,0.6302521008403362,22507
IA,2008,99569,214,65,2.1492633249304505,0.6528136267312116,22451
IA,2009,109384,199,49,1.8192788707672054,0.447963139033131,25128
IA,2010,115731,219,68,1.8923192575887187,0.587569449844899,25606
IA,2011,121250,197,52,1.6247422680412371,0.42886597938144333,29967
IA,2012,114105,196,55,1.7177161386442312,0.4820121817624118,27317
IA,2013,114304,190,52,1.6622340425531914,0.45492721164613664,24397
IA,2014,110382,190,62,1.7212951387001505,0.5616857821021544,23130
IA,2015,106192,192,60,1.8080458038270302,0.565014313695947,16906
ID,2004,56562,191,49,3.376825430501043,0.866306000495032,6426
ID,2005,62934,197,56,3.13026345059904,0.8898210824037881,6626
ID,2006,61771,197,54,3.1891988149779023,0.8741966294863286,6755
ID,2007,63568,184,51,2.894538132393657,0.8022904606091115,7033
ID,2008,64361,181,58,2.8122620841814143,0.9011668557045415,6860
ID,2009,76630,195,56,2.5446952890512855,0.730784288137805,6981
ID,2010,83752,195,50,2.328302607698921,0.5970006686407489,6383
ID,2011,89007,200,49,2.247014279775748,0.5505184985450583,6693
ID,2012,89672,222,58,2.475689178338835,0.6468016772236596,6366
ID,2013,81389,212,60,2.604774600990306,0.7372003587708413,7689
ID,2014,80668,220,55,2.7272276491297665,0.6818069122824416,8207
ID,2015,75056,209,62,2.7845875079940314,0.8260498827542101,5787
IL,2004,539394,692,168,1.2829212041661568,0.31146063916172595,65532
IL,2005,524897,638,149,1.215476560163232,0.2838652154613191,67104
IL,2006,539870,644,155,1.1928797673513993,0.28710615518550764,66960
IL,2007,524318,645,119,1.2301694773019427,0.2269615004634592,68080
IL,2008,531774,617,125,1.160267331610797,0.23506226329230087,67652
IL,2009,586040,578,103,0.9862807999453961,0.17575592109753602,67673
IL,2010,599714,567,114,0.945450664816896,0.19009060985736534,65714
IL,2011,651430,558,114,0.8565770689099367,0.17499961622891178,63337
IL,2012,621972,612,124,0.9839671239219772,0.1993658878534725,66201
IL,2013,613204,739,153,1.2051454328412732,0.24950913562207686,67591
IL,2014,591750,652,159,1.1018166455428813,0.26869455006337134,66000
IL,2015,557787,621,163,1.1133282059280694,0.2922262440680762,42977
IN,2004,250998,713,177,2.840660084940916,0.7051849018717281,36990
IN,2005,258976,696,183,2.6875077227233413,0.7066291857160509,41441
IN,2006,268729,829,218,3.0848922148335314,0.8112261795340286,42867
IN,2007,265192,994,259,3.7482276991764456,0.9766508793628768,42956
IN,2008,277503,1311,284,4.724273251099988,1.0234123595060234,65054
IN,2009,310140,1231,266,3.9691752111949445,0.8576771780486232,67263
IN,2010,340700,1084,250,3.181684766656883,0.7337833871441151,64235
IN,2011,353510,945,234,2.6731917060337755,0.6619331843512206,64417
IN,2012,345235,969,295,2.8067837849580717,0.854490419569279,84039
IN,2013,339807,1194,330,3.513759281003628,0.9711394997748722,97204
IN,2014,328349,1285,322,3.913518847324036,0.9806638668002643,106532
IN,2015,314486,1336,344,4.248201827744319,1.0938483748084176,69884
KS,2004,98641,300,50,3.0413316977727316,0.5068886162954552,15336
KS,2005,100253,328,53,3.2717225419688187,0.5286624839156933,14671
KS,2006,105191,327,53,3.1086309665275547,0.5038453860121114,15839
KS,2007,100242,350,54,3.491550447916043,0.5386963548213324,17104
KS,2008,100146,311,54,3.1054660196113675,0.5392127493858966,16946
KS,2009,118187,290,44,2.4537385668474534,0.37229136876306196,17281
KS,2010,129009,303,47,2.348673348371044,0.36431566789913883,18514
KS,2011,133478,301,41,2.2550532672050827,0.3071667241043468,21198
KS,2012,135261,325,40,2.4027620674104138,0.29572456214282017,23573
KS,2013,131251,294,47,2.239982933463364,0.3580925097713541,23797
KS,2014,125562,316,46,2.51668498431054,0.36635287746292666,23516
KS,2015,119994,295,43,2.4584562561461407,0.3583512508958781,13930
KY,2004,217368,1238,255,5.695410548010747,1.1731257590813735,47747
KY,2005,220222,1291,285,5.862266258593601,1.2941486318351483,48784
KY,2006,226101,1276,283,5.643495605946016,1.2516530223218827,48272
KY,2007,231398,1358,306,5.868676479485561,1.3223969092213417,48881
KY,2008,232097,1325,271,5.708820019216104,1.1676152643075954,49384
KY,2009,251684,1262,267,5.014224185883886,1.060854086870838,48925
KY,2010,261696,1244,262,4.753607238933724,1.0011616532159453,50190
KY,2011,272115,1205,264,4.428274810282417,0.970178049721625,51096
KY,2012,263744,1358,269,5.148932297985926,1.0199284154331474,53327
KY,2013,253390,1298,263,5.12253837957299,1.0379257271399818,52383
KY,2014,256368,1036,262,4.041065967671472,1.0219684203956811,56170
KY,2015,250180,375,80,1.4989207770405308,0.3197697657686466,29409
LA,2004,314522,370,NA,1.1763882971620427,NA,25388
LA,2005,329036,422,NA,1.282534433922124,NA,24804
LA,2006,302938,429,NA,1.4161313536103095,NA,22550
LA,2007,285425,383,NA,1.341858631864763,NA,22498
LA,2008,274238,421,NA,1.5351628877106747,NA,21372
LA,2009,274805,396,NA,1.4410218154691508,NA,23788
LA,2010,302056,386,NA,1.2779087321556268,NA,21819
LA,2011,317946,438,NA,1.3775924213545696,NA,25508
LA,2012,315185,422,NA,1.3388962038168062,NA,22380
LA,2013,311059,412,NA,1.3245075693035726,NA,26099
LA,2014,307469,432,NA,1.4050196930422254,NA,25270
LA,2015,309187,365,NA,1.1805153515510032,NA,16960
MA,2004,187216,779,308,4.160969147936074,1.6451585334586787,39403
MA,2005,193177,814,354,4.213752154759625,1.8325162933475516,38184
MA,2006,180929,845,367,4.670340299233401,2.0284199879510747,39136
MA,2007,183117,899,392,4.909429490435077,2.140707853448888,40783
MA,2008,173181,983,427,5.676142301984629,2.4656284465385925,45054
MA,2009,187931,1384,473,7.364405020991747,2.516881195758018,41832
MA,2010,201703,2148,614,10.649321031417479,3.0440796616807884,39838
MA,2011,212987,2161,605,10.146159155253606,2.8405489536920094,37319
MA,2012,213611,2026,575,9.484530291043065,2.691808942423377,37979
MA,2013,222666,1892,428,8.497031428237808,1.9221614435971366,38880
MA,2014,209291,1873,439,8.949262032289969,2.0975579456355025,50578
MA,2015,203789,1454,369,7.134830633645585,1.8106963575070292,30347
MD,2004,156087,468,95,2.9983278556189816,0.6086349279568446,14412
MD,2005,149712,473,93,3.1593993801432085,0.6211926899647323,7927
MD,2007,141532,418,127,2.9533956984992793,0.8973235734674845,24977
MD,2008,137831,499,139,3.620375677460078,1.008481401136174,26824
MD,2009,157164,530,115,3.3722735486498183,0.7317197322542057,26974
MD,2010,174469,488,112,2.7970585032298003,0.641947853200282,21110
MD,2011,184238,483,119,2.621609005742572,0.6459036680815032,26525
MD,2012,187400,459,113,2.449306296691569,0.6029882604055496,25865
MD,2013,184220,453,109,2.459016393442623,0.591683856258821,25909
MD,2014,183531,455,119,2.4791452125254043,0.6483918248143365,21610
MD,2015,184229,433,118,2.3503357234745885,0.6405071948498878,12689
ME,2004,39342,205,66,5.210716282852931,1.6775964617965533,5382
ME,2005,44682,206,62,4.610357638422632,1.3875833669038986,5344
ME,2006,46379,218,65,4.700403199724013,1.4014963668901874,6221
ME,2007,43052,228,72,5.295921211558116,1.6723961720709841,6708
ME,2008,43943,239,73,5.438863982886922,1.6612429738524908,6295
ME,2009,46349,222,68,4.789747351614921,1.4671298194135796,6261
ME,2010,48734,239,71,4.904173677514671,1.4568884146591703,6078
ME,2011,50579,219,66,4.329860218667826,1.304889380968386,6875
ME,2012,51386,254,74,4.942980578367648,1.440080955902386,8398
ME,2013,46645,304,80,6.517311608961304,1.7150820023582376,8862
ME,2014,47862,286,76,5.975512933015754,1.5878985416405498,9067
ME,2015,43683,249,72,5.700157956184328,1.6482384451617333,5733
MI,2004,433845,800,NA,1.843976535398587,NA,67996
MI,2005,454296,804,NA,1.7697712504622536,NA,67282
MI,2006,444913,823,NA,1.8497998485097087,NA,42549
MI,2008,455357,912,351,2.0028241577487553,0.7708237712388302,72446
MI,2009,513550,1058,423,2.0601694090156752,0.8236783175932236,73069
MI,2010,537003,1048,424,1.9515719651473082,0.7895672836092164,79157
MI,2011,556687,1471,517,2.6424184505835413,0.9287085920813671,85962
MI,2012,549131,1572,488,2.8627048919110374,0.8886768366746732,89600
MI,2013,522365,1620,472,3.101279756492108,0.9035827438668363,86273
MI,2014,492257,1579,308,3.2076740401863253,0.6256894264581306,83246
MI,2015,481421,1639,402,3.404504581229319,0.835027969282603,60881
MN,2004,130284,524,123,4.0219827453870005,0.9440913696232845,18156
MN,2005,139709,574,114,4.108539893636058,0.8159817907221439,19183
MN,2006,148700,594,122,3.9946200403496976,0.82044384667115,19413
MN,2007,148294,597,123,4.025786613079423,0.8294334227952581,18970
MN,2008,141120,613,130,4.3438208616780045,0.921201814058957,18195
MN,2009,172134,577,118,3.3520396900089464,0.6855124496032161,17709
MN,2010,189999,568,117,2.98948941836536,0.6157927146984984,17932
MN,2011,192156,614,110,3.1953204687857784,0.5724515497824685,18385
MN,2012,183595,617,118,3.3606579699882895,0.6427190282959776,19512
MN,2013,176274,627,117,3.5569624561761803,0.6637394056979475,20661
MN,2014,186025,612,116,3.2898803924203737,0.623572100524123,21621
MN,2015,165217,656,122,3.9705357196898623,0.7384228015276878,15936
MO,2004,253884,736,176,2.8989617305541113,0.6932299790455484,55208
MO,2005,262608,837,202,3.187260098702248,0.7692073356485712,53264
MO,2006,267968,773,202,2.8846727967518513,0.7538213518032004,46872
MO,2007,257404,819,262,3.181768737082563,1.0178552003853865,48995
MO,2008,263006,808,231,3.072173258404751,0.8783069587766059,48976
MO,2009,291359,747,218,2.563847349833024,0.7482178343555546,50304
MO,2010,293856,750,239,2.5522704998366548,0.813323532614614,55220
MO,2011,308390,856,272,2.775706086448977,0.8820000648529459,59403
MO,2012,310382,862,265,2.777222905967485,0.8537866242243429,58139
MO,2013,303923,977,339,3.2146300214198993,1.1154141015981023,62523
MO,2014,289287,1064,314,3.6780083446542706,1.0854272746442113,67667
MO,2015,277687,975,287,3.511147442984367,1.0335377601400138,43009
MS,2004,212865,394,81,1.850938388180302,0.38052286660559514,16078
MS,2005,221246,383,81,1.7311047431365991,0.3661083138226228,15729
MS,2006,220128,408,94,1.8534670737025731,0.42702427678441635,16815
MS,2007,221496,477,107,2.153537761404269,0.48307870119550694,17655
MS,2008,222716,520,123,2.334812047630166,0.5522728497279046,19635
MS,2009,230409,551,143,2.391399641507059,0.6206354786488375,19729
MS,2010,240782,591,137,2.454502412971069,0.568979408759791,20449
MS,2011,239159,604,153,2.525516497392948,0.6397417617568228,21369
MS,2012,249060,642,166,2.5776921223801494,0.6665060627961134,22314
MS,2013,246458,699,164,2.8361830413295572,0.665427780798351,22605
MS,2014,220885,697,159,3.1554881499422773,0.7198315865721983,23277
MS,2015,225347,694,154,3.0796948705773763,0.6833905044220691,16613
MT,2004,37636,173,35,4.596662769688597,0.9299606759485599,7654
MT,2005,40453,169,36,4.177687686945344,0.889921637455813,8596
MT,2006,41287,180,38,4.359725821687214,0.9203865623561897,8488
MT,2007,40834,196,40,4.799921633932508,0.9795758436596954,8820
MT,2008,41477,195,42,4.701400776333871,1.0126093979796031,7927
MT,2009,44840,206,42,4.594112399643175,0.936663693131133,7857
MT,2010,46183,188,38,4.070761968689777,0.8228135894160189,7649
MT,2011,45645,205,35,4.491181947639391,0.7667871617920912,7833
MT,2012,45923,229,42,4.986608017768874,0.9145743962720205,7899
MT,2013,45588,243,41,5.330350092129508,0.899359480565061,6597
MT,2014,42150,229,43,5.432977461447212,1.0201660735468565,8497
MT,2015,41503,250,47,6.0236609401729995,1.1324482567525238,4429
NC,2004,398952,1504,NA,3.769877077944214,NA,67582
NC,2005,438050,1612,NA,3.6799452117338203,NA,66145
NC,2006,426469,1431,NA,3.3554607720608063,NA,68051
NC,2007,427221,2546,NA,5.959444877475592,NA,68244
NC,2008,440281,1642,NA,3.7294364280993273,NA,68589
NC,2009,503713,1598,NA,3.1724414497938307,NA,66940
NC,2010,554191,1584,NA,2.8582203608503205,NA,67394
NC,2011,573679,1616,NA,2.8169063186904175,NA,70093
NC,2012,581594,1662,NA,2.857663593503372,NA,69007
NC,2013,563572,1641,NA,2.91178411986401,NA,68406
NC,2014,544149,1624,NA,2.984476678262755,NA,67775
NC,2015,528760,1663,NA,3.1450941826159315,NA,42409
ND,2010,23330,97,47,4.15773681954565,2.0145735105015006,4016
ND,2011,22034,119,47,5.400744304257057,2.1330670781519467,3790
ND,2012,20684,116,43,5.608199574550377,2.0789015664281574,3837
ND,2013,19962,136,52,6.812944594729987,2.604949403867348,3765
ND,2014,22572,132,64,5.847953216374268,2.8353712564238878,3685
ND,2015,20716,139,63,6.7097895346592,3.04112763081676,2297
NE,2004,55000,283,70,5.1454545454545455,1.2727272727272727,13138
NE,2005,62489,326,78,5.216918177599258,1.2482196866648532,13910
NE,2006,62877,308,82,4.898452534313024,1.3041334669274933,12145
NE,2007,64102,304,89,4.742441733487254,1.3884122180275187,12240
NE,2008,59793,347,104,5.803354907765123,1.739334035756694,12929
NE,2009,67346,323,87,4.796127461170671,1.2918361892317285,13711
NE,2010,77895,319,84,4.095256434944477,1.078374735220489,13243
NE,2011,79312,271,78,3.4168852128303406,0.9834577365341942,13719
NE,2012,78806,239,88,3.032764002740908,1.116666243687029,10885
NE,2013,77850,233,79,2.9929351316634554,1.0147719974309568,11098
NE,2014,73270,248,76,3.3847413675446973,1.0372594513443427,11426
NE,2015,73349,243,87,3.3129286016169273,1.1861102400850727,7183
NH,2004,26642,117,40,4.391562195030403,1.5013887846257787,6507
NH,2005,28179,126,42,4.471414883423826,1.4904716278079422,6741
NH,2006,28002,122,48,4.356831654881794,1.7141632740518533,6893
NH,2007,26813,119,49,4.438145675605117,1.8274717487785777,7516
NH,2008,27280,141,56,5.168621700879766,2.0527859237536656,7819
NH,2009,31278,132,49,4.220218684059083,1.5665963296885992,7842
NH,2010,30481,127,52,4.16652996948919,1.7059807749089597,8522
NH,2011,33632,143,59,4.251902949571837,1.7542816365366316,8970
NH,2012,36837,133,58,3.6105003121861174,1.5745038955398105,9149
NH,2013,29059,128,58,4.404831549605974,1.9959392959152067,9176
NH,2014,33155,116,55,3.498718142060021,1.6588749811491479,9231
NH,2015,28590,105,49,3.6726128016789086,1.7138859741168242,3726
NJ,2004,220389,2023,501,9.179224008457773,2.2732532022923104,41670
NJ,2005,249393,2419,690,9.699550508634966,2.7667175903092707,30273
NJ,2006,240770,2064,675,8.572496573493375,2.8035054201104788,35984
NJ,2007,233126,430,155,1.844496109400067,0.6648765045511869,51844
NJ,2008,248667,1429,358,5.746641090293445,1.439676354321241,51722
NJ,2009,269659,1571,402,5.825876384619093,1.490771678304822,57096
NJ,2010,292455,1667,423,5.700022225641551,1.4463763655947068,59966
NJ,2011,295301,1720,448,5.824565443395044,1.517096115488942,59014
NJ,2012,308293,1971,507,6.393268741100187,1.6445394478629096,59163
NJ,2013,329140,1872,506,5.6875493710882905,1.5373397338518564,60064
NJ,2014,314073,1916,555,6.100492560646728,1.7671050997697988,57162
NJ,2015,306606,1816,531,5.9229108367090015,1.7318643470773567,35139
NM,2004,116631,279,109,2.392159888880315,0.9345714261217001,18521
NM,2005,124352,296,112,2.3803396809058155,0.9006690684508493,17317
NM,2006,127618,276,104,2.1627043207071104,0.814932062875143,15395
NM,2007,123571,249,98,2.0150358902978853,0.7930663343341076,15221
NM,2008,118793,258,84,2.171845142390545,0.7071123719411077,13759
NM,2009,129552,249,87,1.922008151167099,0.6715450166728417,15831
NM,2010,145779,250,87,1.7149246462110455,0.5967937768814439,17699
NM,2011,150984,255,83,1.6889206803369894,0.5497271234038044,17263
NM,2012,146710,275,88,1.8744461863540316,0.5998227796332902,17240
NM,2013,151127,280,104,1.8527463656394951,0.6881629358089554,19026
NM,2014,138918,281,131,2.02277602614492,0.94300234670813,20777
NM,2015,133471,281,133,2.1053262506462076,0.9964711435442904,11664
NV,2004,94470,270,79,2.8580501746586218,0.8362443103630782,13905
NV,2005,92648,300,90,3.2380623434936537,0.971418703048096,14563
NV,2006,89054,280,79,3.1441597233139444,0.8871022076492914,15560
NV,2007,96510,320,90,3.3157185783856598,0.9325458501709667,16055
NV,2008,98504,316,96,3.2079915536424917,0.9745797124989848,13283
NV,2009,117742,318,103,2.7008204379066094,0.8747940412087446,12096
NV,2010,139981,327,108,2.336031318536087,0.7715332795165057,13083
NV,2011,145150,275,77,1.8945918015845677,0.5304857044436789,13022
NV,2012,152664,274,83,1.7947911753917098,0.5436776188230362,13132
NV,2013,147638,257,75,1.740744252834636,0.5079992955743101,13703
NV,2014,144947,275,93,1.897245199969644,0.6416138312624615,14882
NV,2015,142071,287,91,2.0201167022122744,0.640524808018526,9886
OK,2004,171495,579,152,3.376191725706289,0.8863232164203039,36079
OK,2005,192561,627,172,3.2561110505242494,0.8932234460768276,36906
OK,2006,205832,685,162,3.327956780286836,0.7870496327101715,36053
OK,2007,196160,671,170,3.4206769983686787,0.8666394779771616,36182
OK,2008,195823,705,169,3.6001899674706244,0.863024261705724,33184
OK,2009,199277,671,162,3.3671723279655956,0.8129387736668054,28816
OK,2010,223349,658,172,2.946061992666186,0.7700952321255077,29588
OK,2011,219853,719,176,3.270367017962002,0.8005349028669156,30470
OK,2012,221664,800,209,3.609065973726,0.9428684856359175,34329
OK,2013,221024,947,283,4.284602577095701,1.2804039380338788,35608
OK,2014,209022,1069,288,5.114294189128417,1.3778453942647184,37282
OK,2015,207539,962,282,4.635273370306304,1.358780759278979,21594
OR,2012,191922,519,127,2.7042235908337764,0.6617271599920801,27691
OR,2013,181281,583,134,3.2160016769545625,0.7391839188883557,25606
OR,2014,179110,631,148,3.5229747082798277,0.8263078555077885,28415
OR,2015,167322,615,132,3.675547746261699,0.7888980528561695,13693
RI,2004,42764,61,15,1.4264334486951642,0.35076232344963054,6905
RI,2005,42395,63,15,1.486024295317844,0.35381530840901054,7443
RI,2006,37496,72,16,1.9202048218476637,0.4267121826328142,8315
RI,2007,38799,58,15,1.4948838887600195,0.3866079022655223,7219
RI,2008,37117,56,14,1.5087426246733302,0.37718565616833255,6101
RI,2009,39988,51,15,1.2753826147844354,0.37511253376012804,6290
RI,2010,44041,51,13,1.158011852591903,0.29517949183715175,6914
RI,2011,46569,52,14,1.1166226459662008,0.3006291739139771,6476
RI,2012,44355,50,14,1.1272686281140798,0.31563521587194227,6763
RI,2013,46149,55,14,1.1917918048061713,0.3033651866779345,7137
RI,2014,44563,58,14,1.3015281735969302,0.31416197293719006,7338
RI,2015,43057,55,14,1.2773765009173885,0.3251503820516989,4340
SC,2004,217509,379,134,1.742456633978364,0.6160664616176801,17177
SC,2005,228168,382,138,1.6742049717751832,0.6048175028926055,17087
SC,2006,226703,392,137,1.7291345946017476,0.6043148965827537,17013
SC,2007,220854,420,168,1.9017088212122035,0.7606835284848814,18780
SC,2008,228277,394,162,1.7259732693175396,0.7096641361153335,17552
SC,2009,258848,280,102,1.081715910495735,0.39405365310916063,18128
SC,2010,276637,398,148,1.4387084880185947,0.5349971261978693,18540
SC,2011,292835,398,148,1.3591271535164855,0.5054040671367835,17454
SC,2012,285674,509,202,1.781751226922996,0.7070997010578491,21174
SC,2013,290346,548,210,1.8874033050222838,0.7232749891508752,23549
SC,2014,281738,548,216,1.9450695326863965,0.7666697428106966,25072
SC,2015,260646,642,228,2.463110886029327,0.8747496604590134,17427
SD,2004,33239,165,30,4.964048256566082,0.9025542284665604,4517
SD,2005,33422,149,35,4.458141344024894,1.047214409670277,4091
SD,2006,33697,138,36,4.095320058165416,1.0683443629996736,3602
SD,2007,33999,119,36,3.5001029442042415,1.058854672196241,3562
SD,2008,34192,119,33,3.4803462798315397,0.9651380439868975,3759
SD,2009,36884,117,33,3.1721071467302893,0.8946968875393124,3814
SD,2010,38736,104,30,2.6848409748038002,0.7744733581164809,4002
SD,2011,38176,99,30,2.59325230511316,0.7858340318524727,3912
SD,2012,36950,104,30,2.814614343707713,0.8119079837618403,2954
SD,2013,37646,93,27,2.4703819794931734,0.7172076714657599,2787
SD,2014,37836,98,28,2.5901258061105823,0.7400359446030236,2642
SD,2015,36584,92,31,2.514760551060573,0.8473649682921496,1418
TN,2005,296203,585,77,1.9749968771416901,0.2599568539143763,60637
TN,2006,319893,537,64,1.678686310735152,0.2000668973688077,64969
TN,2007,324562,776,113,2.390914524805738,0.34816152229774283,62826
TN,2008,316163,917,133,2.900402640410168,0.4206690852503297,56392
TN,2009,352943,824,138,2.3346546042845446,0.3909979798437708,60627
TN,2010,380591,1090,601,2.8639668305346158,1.579122995551655,60652
TN,2011,389808,968,306,2.4832738168534254,0.7850018470631696,61247
TN,2012,383402,924,272,2.410003077709558,0.7094381354296534,58390
TN,2013,388141,977,263,2.5171265081503886,0.6775888143741579,67210
TN,2014,380159,981,248,2.580499212171749,0.6523586183675778,71701
TN,2015,355680,927,256,2.6062753036437245,0.7197480881691408,46276
TX,2004,1431931,2529,542,1.7661465531509548,0.3785098583660805,153537
TX,2005,1537475,2386,650,1.5518951527667115,0.42277110196913775,165626
TX,2006,1520101,2584,676,1.6998870469791152,0.44470729247596047,163911
TX,2007,1508771,2767,712,1.8339429906857965,0.4719072675707579,167348
TX,2008,1492668,2936,668,1.966947774052904,0.44752081507743185,167967
TX,2009,1655085,2734,565,1.6518789065214172,0.3413721953857355,178327
TX,2010,1746564,2830,610,1.6203242480664894,0.3492571700779359,181550
TX,2011,1825007,2726,540,1.4936929009039417,0.295889276041133,170476
TX,2012,1777177,2882,596,1.6216730241275912,0.3353633318459557,164559
TX,2013,1739298,2891,659,1.6621648504166622,0.3788884940935941,163065
TX,2014,1721843,3258,684,1.8921585765949624,0.39724876193706393,178639
TX,2015,1634149,3145,626,1.9245491078230934,0.3830740036557254,113501
UT,2004,92251,252,84,2.7316777053907275,0.9105592351302424,21519
UT,2005,85446,255,94,2.9843409872902185,1.1001100110011,20603
UT,2006,95887,255,90,2.6593803122425355,0.9386048160856008,20083
UT,2007,91064,237,80,2.6025652288500396,0.8785030308354563,20354
UT,2008,91706,253,94,2.758816217041415,1.0250147209560987,20415
UT,2009,110852,228,81,2.0567964493198136,0.7307040017320391,20079
UT,2010,137407,217,75,1.5792499654311642,0.5458237207711398,19973
UT,2011,140772,231,82,1.6409513255476942,0.5825022021424715,18613
UT,2012,135453,245,95,1.8087454689080344,0.7013502838622991,18905
UT,2013,129261,255,92,1.9727528024694225,0.711738265988968,19757
UT,2014,120155,251,85,2.088968415796263,0.7074195830385751,20670
UT,2015,115511,239,91,2.0690670152626156,0.787803758949364,13885
VA,2004,221675,736,284,3.3201759332355927,1.2811548438028644,29257
VA,2005,237858,746,273,3.1363250342641407,1.1477436117347324,28432
VA,2006,219261,781,281,3.561964964129508,1.2815776631503095,28432
VA,2007,232569,787,269,3.3839419699100053,1.1566459846325177,27269
VA,2008,244210,777,264,3.181687891568732,1.0810368125793375,29473
VA,2009,255156,761,247,2.982489143896283,0.9680352411857843,32191
VA,2010,266606,777,266,2.914413028964089,0.9977269828886071,31957
VA,2011,284561,806,276,2.832433116273839,0.9699150621483619,32912
VA,2012,283035,856,269,3.024360944759482,0.9504124931545569,33700
VA,2013,289032,843,288,2.9166320684214897,0.9964294610977332,32397
VA,2014,292525,838,317,2.8647124177420733,1.0836680625587556,32510
VA,2015,275747,844,307,3.060776726492038,1.1133394016979332,19285
WA,2004,234605,780,374,3.3247373244389506,1.594168922230984,32590
WA,2005,224621,623,387,2.7735607979663524,1.722902132926129,32197
WA,2006,232217,579,387,2.4933575061257356,1.6665446543534712,35472
WA,2007,225339,528,404,2.3431363412458563,1.7928543217108446,35665
WA,2008,217241,493,395,2.2693690417554695,1.8182571429886623,33830
WA,2009,249767,1192,326,4.7724479214628035,1.3052164617423438,33226
WA,2010,283993,1085,303,3.8205167028764793,1.0669277059645836,34943
WA,2011,286709,1037,281,3.6169077357180974,0.9800878242399087,36599
WA,2012,288376,1044,297,3.6202735317779564,1.02990540128166,36922
WA,2013,291841,1078,343,3.6937921676529344,1.17529750788957,37638
WA,2014,275662,903,303,3.275750738222896,1.099172174619643,36156
WA,2015,248383,1137,336,4.577607968339218,1.3527495843113255,23915
WI,2005,177768,652,175,3.6677017235947975,0.9844291436028982,28879
WI,2006,189676,650,184,3.426896391741707,0.9700752862776525,28527
WI,2007,188528,661,174,3.506110498175337,0.922939828566579,27116
WI,2008,176391,641,173,3.6339722548202573,0.9807756631574174,26571
WI,2009,215052,636,187,2.9574242508788573,0.869557130368469,25744
WI,2010,248924,615,179,2.47063360704472,0.7190949848146423,26527
WI,2011,238420,651,177,2.7304756312389897,0.7423873836087577,25547
WI,2012,236475,647,202,2.7360186066180354,0.8542129189132044,26306
WI,2013,236308,621,205,2.6279262657210083,0.8675118912605583,26299
WI,2014,233850,651,215,2.7838357921744707,0.9193927731451785,27375
WI,2015,209382,632,211,3.0184065487959804,1.0077275028416959,15826
WV,2004,86224,314,93,3.6416774911857486,1.0785860085359065,20891
WV,2005,94901,468,106,4.931454884563914,1.1169534567602029,22723
WV,2006,95025,473,105,4.977637463825309,1.1049723756906078,22679
WV,2007,88498,462,96,5.220456959479311,1.0847702772944021,22336
WV,2008,90634,455,100,5.020191098263345,1.1033387029150208,22264
WV,2009,91059,456,92,5.007742233057687,1.0103339593011125,20576
WV,2010,96683,429,95,4.43718130384866,0.9825925964233629,17282
WV,2011,98270,442,102,4.497812150198433,1.0379566500457922,17867
WV,2012,93742,442,101,4.715069019222973,1.0774252736233492,18289
WV,2013,97201,449,108,4.619294040184772,1.1110996800444441,18513
WY,2004,15492,147,44,9.488768396591789,2.8401755744900594,1901
WY,2005,15169,160,48,10.547827806711055,3.1643483420133167,2139
WY,2006,16144,154,44,9.539147670961349,2.725470763131814,2411
WY,2007,15764,152,43,9.6422227860949,2.727734077645268,2470
WY,2008,15079,157,40,10.411831023277406,2.652695802108893,2527
WY,2009,17176,138,37,8.034466697717745,2.154168607359106,2756
WY,2010,19861,127,35,6.394441367504154,1.7622476209657119,3191
WY,2011,20502,140,35,6.82860208760121,1.7071505219003025,3143
WY,2012,20306,136,37,6.697527824288388,1.8221215404313995,3319
WY,2013,18331,137,44,7.473678468168676,2.400305493426436,3256
WY,2014,18580,161,43,8.665231431646932,2.3143164693218514,3203
WY,2015,17725,150,37,8.462623413258111,2.087447108603667,2131
